460,mix_successive_0,1618944608,0
461,mix_successive_4,1618944608,0
462,mix_successive_6,1618944608,0
463,mix_successive_10,1618944608,0
464,mix_successive_16,1618944608,0
465,mix_successive_20,1618944608,0
466,mix_successive_21,1618944608,0
467,mix_successive_28,1618944608,0
468,mix_successive_30,1618944608,0
469,mix_successive_31,1618944608,0
470,mix_successive_32,1618944608,0
471,mix_successive_39,1618944608,0
472,mix_successive_40,1618944608,0
473,mix_successive_42,1618944608,0
474,mix_successive_43,1618944608,0
475,mix_successive_45,1618944608,0
476,mix_successive_46,1618944608,0
477,mix_successive_61,1618944608,0
478,mix_successive_64,1618944608,0
624,moul_s_1,1618944608,0
625,moul_s_2,1618944608,0
626,moul_s_3,1618944608,0
627,moul_s_4,1618944608,1617907097
628,moul_s_5_this_ones_a_doozy,1618944608,0
629,moul_d_1,1618944608,0
630,moul_d_2,1618944608,0
631,moul_d_3,1618944608,0
632,moul_d_4,1618944608,0
633,moul_d_5,1618944608,0
634,moul_d_6,1618944608,0
635,moul_d_7,1618944608,0
636,moul_d_8,1618944608,0
637,moul_d_9,1618944608,0
638,moul_d_10,1618944608,1617907097
639,moul_d_11,1618944608,1617907097
640,moul_d_12,1618944608,1617907097
641,moul_mix_1,1618944608,1617907097
642,moul_c_1,1618944608,0
643,moul_c_2,1618944608,0
644,moul_c_3,1618944608,0
645,moul_c_4,1618944608,1618427329
646,moul_c_5,1618944608,1618427329
647,moul_c_5b,1618944608,0
648,moul_c_6,1618944608,0
649,moul_c_7,1618944608,0
650,moul_c_8,1618944608,0
651,moul_c_9,1618944608,0
652,moul_c_10,1618944608,0
653,moul_c_11,1618944608,0
654,moul_c_12,1618944608,0
655,moul_c_13,1618944608,0
656,moul_c_14,1618944608,0
657,moul_c_15,1618944608,0
658,moul_c_16,1618944608,0
659,moul_c_17,1618944608,0
660,moul_c_18,1618944608,0
661,moul_c_19,1618944608,0
662,moul_c_20,1618944608,0
663,moul_c_21,1618944608,0
664,moul_c_22,1618944608,0
665,moul_c_23,1618944608,0
666,moul_c_24,1618944608,0
667,moul_c_25,1618944608,0
668,moul_c_26,1618944608,0
669,moul_c_27,1618944608,0
670,moul_c_28,1618944608,0
671,moul_i_1,1618944608,0
672,moul_i_2,1618944608,0
673,moul_i_3,1618944608,0
674,moul_i_4,1618944608,0
675,moul_i_5,1618944608,0
676,moul_i_6,1618944608,0
677,moul_i_7,1618944608,0
678,moul_i_8,1618944608,0
679,moul_i_9,1618944608,0
680,moul_i_10,1618944608,1617907097
681,moul_i_11,1618944608,1617907097
682,moul_i_12,1618944608,1617907097
683,moul_u_1,1618944608,0
684,moul_u_2,1618944608,0
685,moul_u_3,1618944608,0
686,moul_u_4,1618944608,0
687,moul_u_5,1618944608,0
688,moul_u_6,1618944608,0
689,moul_u_7,1618944608,0
690,moul_u_8,1618944608,0
691,moul_u_9,1618944608,0
692,moul_u_10,1618944608,1617907097
693,moul_u_11,1618944608,1617907097
694,moul_u_12,1618944608,1617907097
695,moul_x_1,1618944608,0
696,moul_x_2,1618944608,0
697,moul_x_3,1618944608,0
698,moul_x_4,1618944608,0
699,moul_x_5,1618944608,0
700,moul_x_6,1618944608,0
701,moul_x_7,1618944608,0
702,moul_x_8,1618944608,0
703,moul_x_9,1618944608,0
704,moul_x_10,1618944608,1617907097
705,moul_x_11,1618944608,1617907097
706,moul_x_12,1618944608,1617907097
707,moul_prec_1,0,1618944608
708,moul_prec_3,0,1618944608
709,moul_prec_4,0,1618944608
710,moul_prec_5,0,1618944608
711,moul_zeropad_1,1618944608,1617907097
712,moul_zeropad_2,1618944608,1617907097
713,moul_zeropad_3,1618944608,1618427329
714,moul_zeropad_4,1618944608,1618427329
715,moul_leftjusty_1,1618944608,1618427329
716,moul_leftjusty_2,1618944608,1618427329
717,moul_leftjusty_3,1618944608,1618427329
718,moul_leftjusty_4,1618944608,1617907097
719,moul_leftjusty_5,1618944608,1617907097
720,moul_leftjusty_6,1618944608,1618427329
721,moul_leftjusty_7,1618944608,1617907097
722,moul_notmandatory_star_1,0,1618944608
723,moul_notmandatory_star_3,1618944608,1617907097
724,moul_notmandatory_star_4,1618944608,1617907097
725,moul_notmandatory_star_5,1618944608,1617907097
